line,source_file,bucket,destination,reason,utterance
1,src/ephemera/prompts/data/synthetic-data-agent-routing-math.txt,1-bare-arithmetic,agent router go to math,no CalcIntent operation covers it,What is the sum of 57 and 89?
2,src/ephemera/prompts/data/synthetic-data-agent-routing-math.txt,1-bare-arithmetic,agent router go to math,no CalcIntent operation covers it,How do you divide 345 by 15?
3,src/ephemera/prompts/data/synthetic-data-agent-routing-math.txt,3-word-problem,agent router go to math,no CalcIntent operation covers it,"If I buy 3 apples at $1.20 each and 2 bananas at $0.75 each, how much will the total cost be?"
4,src/ephemera/prompts/data/synthetic-data-agent-routing-math.txt,2-symbolic,agent router go to math,no CalcIntent operation covers it,How do you solve the equation 3x + 7 = 22?
5,src/ephemera/prompts/data/synthetic-data-agent-routing-math.txt,2-symbolic,agent router go to math,no CalcIntent operation covers it,What’s the value of x in the quadratic equation x^2 + 5x - 6 = 0?
6,src/ephemera/prompts/data/synthetic-data-agent-routing-math.txt,2-symbolic,agent router go to math,no CalcIntent operation covers it,"If I know the area of a rectangle is 48 and the length is 12, how do I find the width?"
7,src/ephemera/prompts/data/synthetic-data-agent-routing-math.txt,2-symbolic,agent router go to math,no CalcIntent operation covers it,What is the area of a circle with a radius of 6?
8,src/ephemera/prompts/data/synthetic-data-agent-routing-math.txt,2-symbolic,agent router go to math,no CalcIntent operation covers it,"How do you calculate the perimeter of a triangle with sides of 3 cm, 4 cm, and 5 cm?"
9,src/ephemera/prompts/data/synthetic-data-agent-routing-math.txt,2-symbolic,agent router go to math,no CalcIntent operation covers it,"If a triangle has two equal sides and an angle of 45 degrees, what type of triangle is this?"
10,src/ephemera/prompts/data/synthetic-data-agent-routing-math.txt,2-symbolic,agent router go to math,no CalcIntent operation covers it,How do you find the sine of a 30-degree angle?
11,src/ephemera/prompts/data/synthetic-data-agent-routing-math.txt,2-symbolic,agent router go to math,no CalcIntent operation covers it,What’s the difference between sine and cosine in a right-angled triangle?
12,src/ephemera/prompts/data/synthetic-data-agent-routing-math.txt,2-symbolic,agent router go to math,no CalcIntent operation covers it,Can you explain how to use the Pythagorean theorem to find the hypotenuse?
13,src/ephemera/prompts/data/synthetic-data-agent-routing-math.txt,2-symbolic,agent router go to math,no CalcIntent operation covers it,What’s the derivative of f(x) = 3x squared + 4x?
14,src/ephemera/prompts/data/synthetic-data-agent-routing-math.txt,2-symbolic,agent router go to math,no CalcIntent operation covers it,How do you find the integral of sin of x?
15,src/ephemera/prompts/data/synthetic-data-agent-routing-math.txt,3-word-problem,agent router go to math,no CalcIntent operation covers it,"If a car travels at a speed of 60 miles per hour for 2.5 hours, how far does it travel?"
16,src/ephemera/prompts/data/synthetic-data-agent-routing-math.txt,3-word-problem,agent router go to math,no CalcIntent operation covers it,"A tank can be filled by a pipe in 5 hours, but it can be emptied by another pipe in 7 hours. If both pipes are opened, how long will it take to fill the tank?"
17,src/ephemera/prompts/data/synthetic-data-agent-routing-math.txt,1-bare-arithmetic,agent router go to math,no CalcIntent operation covers it,What is 253 plus 147?
18,src/ephemera/prompts/data/synthetic-data-agent-routing-math.txt,1-bare-arithmetic,agent router go to math,no CalcIntent operation covers it,How do you subtract 89 from 123?
19,src/ephemera/prompts/data/synthetic-data-agent-routing-math.txt,3-word-problem,agent router go to math,no CalcIntent operation covers it,"If you multiply 56 by 8, what do you get?"
20,src/ephemera/prompts/data/synthetic-data-agent-routing-math.txt,1-bare-arithmetic,agent router go to math,no CalcIntent operation covers it,What is 45 divided by 9?
21,src/ephemera/prompts/data/synthetic-data-agent-routing-math.txt,1-bare-arithmetic,agent router go to math,no CalcIntent operation covers it,"How do you calculate the total of 34, 67, and 129?"
22,src/ephemera/prompts/data/synthetic-data-agent-routing-math.txt,1-bare-arithmetic,agent router go to math,no CalcIntent operation covers it,What’s the result of 25 times 16?
23,src/ephemera/prompts/data/synthetic-data-agent-routing-math.txt,3-word-problem,agent router go to math,no CalcIntent operation covers it,"If you add 327 and 548, what’s the sum?"
24,src/ephemera/prompts/data/synthetic-data-agent-routing-math.txt,1-bare-arithmetic,agent router go to math,no CalcIntent operation covers it,How do you subtract 492 from 980?
25,src/ephemera/prompts/data/synthetic-data-agent-routing-math.txt,1-bare-arithmetic,agent router go to math,no CalcIntent operation covers it,What is the product of 64 and 23?
26,src/ephemera/prompts/data/synthetic-data-agent-routing-math.txt,1-bare-arithmetic,agent router go to math,no CalcIntent operation covers it,How many times does 12 go into 144?
27,src/ephemera/prompts/data/synthetic-data-agent-routing-math.txt,1-bare-arithmetic,agent router go to math,no CalcIntent operation covers it,What’s the remainder when you divide 345 by 23?
28,src/ephemera/prompts/data/synthetic-data-agent-routing-math.txt,1-bare-arithmetic,agent router go to math,no CalcIntent operation covers it,How much is 789 minus 456?
29,src/ephemera/prompts/data/synthetic-data-agent-routing-math.txt,2-symbolic,agent router go to math,no CalcIntent operation covers it,What’s the result of multiplying 78 by 56?
30,src/ephemera/prompts/data/synthetic-data-agent-routing-math.txt,3-word-problem,agent router go to math,no CalcIntent operation covers it,"If you have 300 and divide it by 25, what’s the quotient?"
31,src/ephemera/prompts/data/synthetic-data-agent-routing-math.txt,1-bare-arithmetic,agent router go to math,no CalcIntent operation covers it,How do you calculate the difference between 560 and 345?
32,src/ephemera/prompts/data/synthetic-data-agent-routing-math.txt,1-bare-arithmetic,agent router go to math,no CalcIntent operation covers it,"What is the sum of 98, 134, and 201?"
33,src/ephemera/prompts/data/synthetic-data-agent-routing-math.txt,1-bare-arithmetic,agent router go to math,no CalcIntent operation covers it,How much is 234 plus 167?
34,src/ephemera/prompts/data/synthetic-data-agent-routing-math.txt,2-symbolic,agent router go to math,no CalcIntent operation covers it,"What’s the result of dividing 1,000 by 40?"
35,src/ephemera/prompts/data/synthetic-data-agent-routing-math.txt,3-word-problem,agent router go to math,no CalcIntent operation covers it,"If you subtract 299 from 450, what’s left?"
36,src/ephemera/prompts/data/synthetic-data-agent-routing-math.txt,1-bare-arithmetic,agent router go to math,no CalcIntent operation covers it,How do you multiply 15 by 35?
37,src/ephemera/prompts/data/synthetic-data-agent-routing-math.txt,2-symbolic,agent router go to math,no CalcIntent operation covers it,How do you solve the equation 2x + 5 = 17?
38,src/ephemera/prompts/data/synthetic-data-agent-routing-math.txt,2-symbolic,agent router go to math,no CalcIntent operation covers it,What’s the value of x in 4x - 7 = 9?
39,src/ephemera/prompts/data/synthetic-data-agent-routing-math.txt,2-symbolic,agent router go to math,no CalcIntent operation covers it,"If y = 3x + 4, what is y when x = 5?"
40,src/ephemera/prompts/data/synthetic-data-agent-routing-math.txt,2-symbolic,agent router go to math,no CalcIntent operation covers it,How do you factor x^2 - 9x + 14?
41,src/ephemera/prompts/data/synthetic-data-agent-routing-math.txt,2-symbolic,agent router go to math,no CalcIntent operation covers it,What’s the solution to 5x + 12 = 37?
42,src/ephemera/prompts/data/synthetic-data-agent-routing-math.txt,2-symbolic,agent router go to math,no CalcIntent operation covers it,Solve for x in the equation 3x^2 - 2x - 8 = 0
43,src/ephemera/prompts/data/synthetic-data-agent-routing-math.txt,2-symbolic,agent router go to math,no CalcIntent operation covers it,"If x + y = 15 and 2x - y = 7, what are x and y?"
44,src/ephemera/prompts/data/synthetic-data-agent-routing-math.txt,2-symbolic,agent router go to math,no CalcIntent operation covers it,How do you simplify the expression 2(x - 3) + 4x?
45,src/ephemera/prompts/data/synthetic-data-agent-routing-math.txt,2-symbolic,agent router go to math,no CalcIntent operation covers it,What’s the value of x in \frac{3}{x} + 2 = 7?
46,src/ephemera/prompts/data/synthetic-data-agent-routing-math.txt,2-symbolic,agent router go to math,no CalcIntent operation covers it,Solve the inequality 3x + 2 > 11
47,src/ephemera/prompts/data/synthetic-data-agent-routing-math.txt,2-symbolic,agent router go to math,no CalcIntent operation covers it,What is the slope of the line y = 4x - 3?
48,src/ephemera/prompts/data/synthetic-data-agent-routing-math.txt,2-symbolic,agent router go to math,no CalcIntent operation covers it,How do you solve for x in the equation \frac{x - 5}{2} = 6?
49,src/ephemera/prompts/data/synthetic-data-agent-routing-math.txt,2-symbolic,agent router go to math,no CalcIntent operation covers it,"If y = x^2 - 4x + 6, what is y when x = 3?"
50,src/ephemera/prompts/data/synthetic-data-agent-routing-math.txt,2-symbolic,agent router go to math,no CalcIntent operation covers it,What’s the value of x in 7x + 9 = 30?
51,src/ephemera/prompts/data/synthetic-data-agent-routing-math.txt,2-symbolic,agent router go to math,no CalcIntent operation covers it,How do you factor x^2 - 6x - 7?
52,src/ephemera/prompts/data/synthetic-data-agent-routing-math.txt,2-symbolic,agent router go to math,no CalcIntent operation covers it,Solve for x in the equation 2x + 3 = x - 5
53,src/ephemera/prompts/data/synthetic-data-agent-routing-math.txt,2-symbolic,agent router go to math,no CalcIntent operation covers it,"If 2x + 4 = 3x - 1, what is the value of x?"
54,src/ephemera/prompts/data/synthetic-data-agent-routing-math.txt,2-symbolic,agent router go to math,no CalcIntent operation covers it,What’s the quadratic formula for solving ax^2 + bx + c = 0?
55,src/ephemera/prompts/data/synthetic-data-agent-routing-math.txt,2-symbolic,agent router go to math,no CalcIntent operation covers it,How do you simplify (3x + 2) - (2x - 5)?
56,src/ephemera/prompts/data/synthetic-data-agent-routing-math.txt,2-symbolic,agent router go to math,no CalcIntent operation covers it,What are the roots of the equation x^2 - 8x + 15 = 0?
57,src/ephemera/prompts/data/synthetic-data-agent-routing-math.txt,2-symbolic,agent router go to math,no CalcIntent operation covers it,How do you solve the equation two times x plus five equals seventeen?”
58,src/ephemera/prompts/data/synthetic-data-agent-routing-math.txt,2-symbolic,agent router go to math,no CalcIntent operation covers it,What is the value of x in the equation four times x minus seven equals nine?”
59,src/ephemera/prompts/data/synthetic-data-agent-routing-math.txt,2-symbolic,agent router go to math,no CalcIntent operation covers it,"If y equals three times x plus four, what is y when x is five?”"
60,src/ephemera/prompts/data/synthetic-data-agent-routing-math.txt,2-symbolic,agent router go to math,no CalcIntent operation covers it,How do you factor the expression x squared minus nine x plus fourteen?”
61,src/ephemera/prompts/data/synthetic-data-agent-routing-math.txt,2-symbolic,agent router go to math,no CalcIntent operation covers it,What is the solution to the equation five times x plus twelve equals thirty-seven?”
62,src/ephemera/prompts/data/synthetic-data-agent-routing-math.txt,2-symbolic,agent router go to math,no CalcIntent operation covers it,Solve for x in the equation three times x squared minus two times x minus eight equals zero.”
63,src/ephemera/prompts/data/synthetic-data-agent-routing-math.txt,2-symbolic,agent router go to math,no CalcIntent operation covers it,"If x plus y equals fifteen and two times x minus y equals seven, what are the values of x and y?”"
64,src/ephemera/prompts/data/synthetic-data-agent-routing-math.txt,2-symbolic,agent router go to math,no CalcIntent operation covers it,How do you simplify the expression two times the quantity x minus three plus four times x?”
65,src/ephemera/prompts/data/synthetic-data-agent-routing-math.txt,2-symbolic,agent router go to math,no CalcIntent operation covers it,What is the value of x in the equation three divided by x plus two equals seven?”
66,src/ephemera/prompts/data/synthetic-data-agent-routing-math.txt,2-symbolic,agent router go to math,no CalcIntent operation covers it,Solve the inequality three times x plus two is greater than eleven.”
67,src/ephemera/prompts/data/synthetic-data-agent-routing-math.txt,2-symbolic,agent router go to math,no CalcIntent operation covers it,What is the slope of the line described by y equals four times x minus three?”
68,src/ephemera/prompts/data/synthetic-data-agent-routing-math.txt,2-symbolic,agent router go to math,no CalcIntent operation covers it,How do you solve for x in the equation x minus five divided by two equals six?”
69,src/ephemera/prompts/data/synthetic-data-agent-routing-math.txt,2-symbolic,agent router go to math,no CalcIntent operation covers it,"If y equals x squared minus four times x plus six, what is y when x is three?”"
70,src/ephemera/prompts/data/synthetic-data-agent-routing-math.txt,2-symbolic,agent router go to math,no CalcIntent operation covers it,What is the value of x in the equation seven times x plus nine equals thirty?”
71,src/ephemera/prompts/data/synthetic-data-agent-routing-math.txt,2-symbolic,agent router go to math,no CalcIntent operation covers it,How do you factor the expression x squared minus six times x minus seven?”
72,src/ephemera/prompts/data/synthetic-data-agent-routing-math.txt,2-symbolic,agent router go to math,no CalcIntent operation covers it,Solve for x in the equation two times x plus three equals x minus five.”
73,src/ephemera/prompts/data/synthetic-data-agent-routing-math.txt,2-symbolic,agent router go to math,no CalcIntent operation covers it,"If two times x plus four equals three times x minus one, what is the value of x?”"
74,src/ephemera/prompts/data/synthetic-data-agent-routing-math.txt,2-symbolic,agent router go to math,no CalcIntent operation covers it,What is the quadratic formula for solving an equation in the form a times x squared plus b times x plus c equals zero?”
75,src/ephemera/prompts/data/synthetic-data-agent-routing-math.txt,2-symbolic,agent router go to math,no CalcIntent operation covers it,How do you simplify the expression three times x plus two minus two times x minus five?”
76,src/ephemera/prompts/data/synthetic-data-agent-routing-math.txt,2-symbolic,agent router go to math,no CalcIntent operation covers it,What are the roots of the equation x squared minus eight times x plus fifteen equals zero?”
77,src/ephemera/prompts/data/synthetic-data-agent-routing-math.txt,2-symbolic,agent router go to math,no CalcIntent operation covers it,What is the area of a circle with a radius of 7 cm?
78,src/ephemera/prompts/data/synthetic-data-agent-routing-math.txt,2-symbolic,agent router go to math,no CalcIntent operation covers it,How do you calculate the perimeter of a rectangle with a length of 10 cm and a width of 5 cm?
79,src/ephemera/prompts/data/synthetic-data-agent-routing-math.txt,2-symbolic,agent router go to math,no CalcIntent operation covers it,What’s the volume of a cylinder with a radius of 4 cm and a height of 10 cm?
80,src/ephemera/prompts/data/synthetic-data-agent-routing-math.txt,2-symbolic,agent router go to math,no CalcIntent operation covers it,How do you find the area of a triangle with a base of 6 cm and a height of 8 cm?
81,src/ephemera/prompts/data/synthetic-data-agent-routing-math.txt,2-symbolic,agent router go to math,no CalcIntent operation covers it,What is the circumference of a circle with a diameter of 12 inches?
82,src/ephemera/prompts/data/synthetic-data-agent-routing-math.txt,2-symbolic,agent router go to math,no CalcIntent operation covers it,"If a triangle has sides of 3 cm, 4 cm, and 5 cm, is it a right triangle?"
83,src/ephemera/prompts/data/synthetic-data-agent-routing-math.txt,2-symbolic,agent router go to math,no CalcIntent operation covers it,What is the surface area of a cube with a side length of 6 cm?
84,src/ephemera/prompts/data/synthetic-data-agent-routing-math.txt,2-symbolic,agent router go to math,no CalcIntent operation covers it,How do you calculate the area of a parallelogram with a base of 9 cm and a height of 5 cm?
85,src/ephemera/prompts/data/synthetic-data-agent-routing-math.txt,2-symbolic,agent router go to math,no CalcIntent operation covers it,What’s the measure of each interior angle of a regular pentagon?
86,src/ephemera/prompts/data/synthetic-data-agent-routing-math.txt,2-symbolic,agent router go to math,no CalcIntent operation covers it,"If two angles in a triangle are 45° and 55°, what is the third angle?"
87,src/ephemera/prompts/data/synthetic-data-agent-routing-math.txt,2-symbolic,agent router go to math,no CalcIntent operation covers it,How do you find the length of the hypotenuse in a right triangle with legs of 8 cm and 15 cm?
88,src/ephemera/prompts/data/synthetic-data-agent-routing-math.txt,2-symbolic,agent router go to math,no CalcIntent operation covers it,"What is the area of a trapezoid with bases of 5 cm and 7 cm, and a height of 4 cm?"
89,src/ephemera/prompts/data/synthetic-data-agent-routing-math.txt,2-symbolic,agent router go to math,no CalcIntent operation covers it,How do you calculate the diagonal of a square with side lengths of 10 cm?
90,src/ephemera/prompts/data/synthetic-data-agent-routing-math.txt,2-symbolic,agent router go to math,no CalcIntent operation covers it,What is the volume of a sphere with a radius of 3 cm?
91,src/ephemera/prompts/data/synthetic-data-agent-routing-math.txt,2-symbolic,agent router go to math,no CalcIntent operation covers it,"If the sum of the angles in a quadrilateral is 360°, what is the missing angle if the other three are 80°, 100°, and 120°?"
92,src/ephemera/prompts/data/synthetic-data-agent-routing-math.txt,2-symbolic,agent router go to math,no CalcIntent operation covers it,How do you calculate the length of an arc in a circle with a radius of 10 cm and a central angle of 60°?
93,src/ephemera/prompts/data/synthetic-data-agent-routing-math.txt,2-symbolic,agent router go to math,no CalcIntent operation covers it,What’s the perimeter of an equilateral triangle with side lengths of 8 cm?
94,src/ephemera/prompts/data/synthetic-data-agent-routing-math.txt,2-symbolic,agent router go to math,no CalcIntent operation covers it,"If a rectangle’s diagonal is 13 cm and one side is 5 cm, what is the length of the other side?"
95,src/ephemera/prompts/data/synthetic-data-agent-routing-math.txt,2-symbolic,agent router go to math,no CalcIntent operation covers it,How do you find the radius of a circle if its area is 50.24 square cm?
96,src/ephemera/prompts/data/synthetic-data-agent-routing-math.txt,2-symbolic,agent router go to math,no CalcIntent operation covers it,What’s the sum of the interior angles of an octagon?
97,src/ephemera/prompts/data/synthetic-data-agent-routing-math.txt,2-symbolic,agent router go to math,no CalcIntent operation covers it,How do you find the sine of a 45 degree angle?
98,src/ephemera/prompts/data/synthetic-data-agent-routing-math.txt,2-symbolic,agent router go to math,no CalcIntent operation covers it,What is the cosine of 60 degrees?
99,src/ephemera/prompts/data/synthetic-data-agent-routing-math.txt,2-symbolic,agent router go to math,no CalcIntent operation covers it,How do you calculate the tangent of a 30 degrees angle?
100,src/ephemera/prompts/data/synthetic-data-agent-routing-math.txt,2-symbolic,agent router go to math,no CalcIntent operation covers it,"What’s the relationship between sine, cosine, and tangent in a right-angled triangle?"
101,src/ephemera/prompts/data/synthetic-data-agent-routing-math.txt,2-symbolic,agent router go to math,no CalcIntent operation covers it,How do you use the Pythagorean theorem to find the hypotenuse in a right triangle where the legs are 5 and 12?
102,src/ephemera/prompts/data/synthetic-data-agent-routing-math.txt,2-symbolic,agent router go to math,no CalcIntent operation covers it,What is the value of sign 90 degrees - theta in terms of theta?
103,src/ephemera/prompts/data/synthetic-data-agent-routing-math.txt,2-symbolic,agent router go to math,no CalcIntent operation covers it,How do you find the angle of elevation if the opposite side is 8 meters and the adjacent side is 15 meters?
104,src/ephemera/prompts/data/synthetic-data-agent-routing-math.txt,2-symbolic,agent router go to math,no CalcIntent operation covers it,What’s the exact value of tangent of 45 degrees?
105,src/ephemera/prompts/data/synthetic-data-agent-routing-math.txt,2-symbolic,agent router go to math,no CalcIntent operation covers it,How do you calculate the angle theta in a right triangle where the opposite side is 7 and the hypotenuse is 25?
106,src/ephemera/prompts/data/synthetic-data-agent-routing-math.txt,2-symbolic,agent router go to math,no CalcIntent operation covers it,What is the period of the sine function y = sign x?
107,src/ephemera/prompts/data/synthetic-data-agent-routing-math.txt,2-symbolic,agent router go to math,no CalcIntent operation covers it,How do you use the unit circle to find the values of sign 30 degrees and cosine 30 degrees?
108,src/ephemera/prompts/data/synthetic-data-agent-routing-math.txt,2-symbolic,agent router go to math,no CalcIntent operation covers it,What is the amplitude of the function y = 3 sign x?
109,src/ephemera/prompts/data/synthetic-data-agent-routing-math.txt,2-symbolic,agent router go to math,no CalcIntent operation covers it,"If the angle of depression is 35 degrees and the horizontal distance is 50 meters, how do you calculate the height?"
110,src/ephemera/prompts/data/synthetic-data-agent-routing-math.txt,2-symbolic,agent router go to math,no CalcIntent operation covers it,How do you solve the equation 2 sign x = 1 for x?
111,src/ephemera/prompts/data/synthetic-data-agent-routing-math.txt,2-symbolic,agent router go to math,no CalcIntent operation covers it,What is the value of cosine 180 degrees?
112,src/ephemera/prompts/data/synthetic-data-agent-routing-math.txt,2-symbolic,agent router go to math,no CalcIntent operation covers it,How do you find the exact value of tan 60 degrees using a 30-60-90 triangle?
113,src/ephemera/prompts/data/synthetic-data-agent-routing-math.txt,2-symbolic,agent router go to math,no CalcIntent operation covers it,"If tan theta = 1, what is the value of theta in degrees?"
114,src/ephemera/prompts/data/synthetic-data-agent-routing-math.txt,2-symbolic,agent router go to math,no CalcIntent operation covers it,How do you calculate the length of the opposite side in a right triangle if the angle is 25 degrees and the adjacent side is 10 meters?
115,src/ephemera/prompts/data/synthetic-data-agent-routing-math.txt,2-symbolic,agent router go to math,no CalcIntent operation covers it,What’s the derivative of f of x = 3x squared + 5x - 7?
116,src/ephemera/prompts/data/synthetic-data-agent-routing-math.txt,2-symbolic,agent router go to math,no CalcIntent operation covers it,How do you find the integral of cosine x?
117,src/ephemera/prompts/data/synthetic-data-agent-routing-math.txt,2-symbolic,agent router go to math,no CalcIntent operation covers it,How do you compute the derivative of f of x = eto the x power?
118,src/ephemera/prompts/data/synthetic-data-agent-routing-math.txt,2-symbolic,agent router go to math,no CalcIntent operation covers it,How do you find the critical points of the function f of x = x cubed - 3x squared + 2?
119,src/ephemera/prompts/data/synthetic-data-agent-routing-math.txt,2-symbolic,agent router go to math,no CalcIntent operation covers it,What’s the second derivative of f of x = 4x cubed - 2x squared + x?
120,src/ephemera/prompts/data/synthetic-data-agent-routing-math.txt,2-symbolic,agent router go to math,no CalcIntent operation covers it,How do you calculate the area under the curve f of x = x squared + 1 from x = 0 to x = 3?
121,src/ephemera/prompts/data/synthetic-data-agent-routing-math.txt,2-symbolic,agent router go to math,no CalcIntent operation covers it,"What is the chain rule, and how do you apply it to f of x = sign 3x?"
122,src/ephemera/prompts/data/synthetic-data-agent-routing-math.txt,2-symbolic,agent router go to math,no CalcIntent operation covers it,How do you find the local maximum of f of x = -x squared + 4x + 1?
123,src/ephemera/prompts/data/synthetic-data-agent-routing-math.txt,2-symbolic,agent router go to math,no CalcIntent operation covers it,What is the integral of f of x = x cubed?
124,src/ephemera/prompts/data/synthetic-data-agent-routing-math.txt,2-symbolic,agent router go to math,no CalcIntent operation covers it,What’s the slope of the tangent line to the curve y = x squared + 2x at x = 1?
125,src/ephemera/prompts/data/synthetic-data-agent-routing-math.txt,2-symbolic,agent router go to math,no CalcIntent operation covers it,"How do you find the derivative of a product of two functions, say f of x = (2x + 1)(x squared + 3x?"
126,src/ephemera/prompts/data/synthetic-data-agent-routing-math.txt,2-symbolic,agent router go to math,no CalcIntent operation covers it,How do you use the Mean Value Theorem to find a point where the derivative equals the average rate of change?
127,src/ephemera/prompts/data/synthetic-data-agent-routing-math.txt,2-symbolic,agent router go to math,no CalcIntent operation covers it,What is the integral of sign squared(x) using a trigonometric identity?
128,src/ephemera/prompts/data/synthetic-data-agent-routing-math.txt,2-symbolic,agent router go to math,no CalcIntent operation covers it,What is the derivative of the function f of x equals three times x squared plus five times x minus seven?
129,src/ephemera/prompts/data/synthetic-data-agent-routing-math.txt,2-symbolic,agent router go to math,no CalcIntent operation covers it,How do you find the integral of cosine of x?
130,src/ephemera/prompts/data/synthetic-data-agent-routing-math.txt,2-symbolic,agent router go to math,no CalcIntent operation covers it,What is the limit of one divided by x as x approaches infinity?
131,src/ephemera/prompts/data/synthetic-data-agent-routing-math.txt,2-symbolic,agent router go to math,no CalcIntent operation covers it,How do you compute the derivative of the function f of x equals e raised to the power of x?
132,src/ephemera/prompts/data/synthetic-data-agent-routing-math.txt,2-symbolic,agent router go to math,no CalcIntent operation covers it,"What is the definite integral of the function three times x squared plus one, evaluated from zero to two?"
133,src/ephemera/prompts/data/synthetic-data-agent-routing-math.txt,2-symbolic,agent router go to math,no CalcIntent operation covers it,How do you find the critical points of the function f of x equals x cubed minus three times x squared plus two?
134,src/ephemera/prompts/data/synthetic-data-agent-routing-math.txt,2-symbolic,agent router go to math,no CalcIntent operation covers it,What is the second derivative of the function f of x equals four times x cubed minus two times x squared plus x?
135,src/ephemera/prompts/data/synthetic-data-agent-routing-math.txt,2-symbolic,agent router go to math,no CalcIntent operation covers it,How do you apply L'Hopital’s Rule to evaluate the limit of sine of x divided by x as x approaches zero?
136,src/ephemera/prompts/data/synthetic-data-agent-routing-math.txt,2-symbolic,agent router go to math,no CalcIntent operation covers it,What is the antiderivative of the function f of x equals one divided by x?
137,src/ephemera/prompts/data/synthetic-data-agent-routing-math.txt,2-symbolic,agent router go to math,no CalcIntent operation covers it,"How do you calculate the area under the curve for the function f of x equals x squared plus one, from x equals zero to x equals three?"
138,src/ephemera/prompts/data/synthetic-data-agent-routing-math.txt,2-symbolic,agent router go to math,no CalcIntent operation covers it,"What is the chain rule, and how do you apply it to the function f of x equals sine of three times x?"
139,src/ephemera/prompts/data/synthetic-data-agent-routing-math.txt,2-symbolic,agent router go to math,no CalcIntent operation covers it,What is the derivative of the function f of x equals the natural logarithm of x?
140,src/ephemera/prompts/data/synthetic-data-agent-routing-math.txt,2-symbolic,agent router go to math,no CalcIntent operation covers it,How do you find the local maximum of the function f of x equals negative x squared plus four times x plus one?
141,src/ephemera/prompts/data/synthetic-data-agent-routing-math.txt,2-symbolic,agent router go to math,no CalcIntent operation covers it,What is the integral of the function f of x equals x cubed?
142,src/ephemera/prompts/data/synthetic-data-agent-routing-math.txt,2-symbolic,agent router go to math,no CalcIntent operation covers it,How do you solve the differential equation where the derivative of y with respect to x equals y?
143,src/ephemera/prompts/data/synthetic-data-agent-routing-math.txt,2-symbolic,agent router go to math,no CalcIntent operation covers it,What is the slope of the tangent line to the curve y equals x squared plus two times x at x equals one?
144,src/ephemera/prompts/data/synthetic-data-agent-routing-math.txt,2-symbolic,agent router go to math,no CalcIntent operation covers it,"How do you find the derivative of a product of two functions, such as f of x equals the quantity two times x plus one times the quantity x squared plus three times x?"
145,src/ephemera/prompts/data/synthetic-data-agent-routing-math.txt,2-symbolic,agent router go to math,no CalcIntent operation covers it,What is the limit of e raised to the power of x divided by x squared as x approaches infinity?
146,src/ephemera/prompts/data/synthetic-data-agent-routing-math.txt,2-symbolic,agent router go to math,no CalcIntent operation covers it,How do you use the Mean Value Theorem to find a point where the derivative equals the average rate of change?
147,src/ephemera/prompts/data/synthetic-data-agent-routing-math.txt,2-symbolic,agent router go to math,no CalcIntent operation covers it,What is the integral of sine squared of x using a trigonometric identity?
148,src/ephemera/prompts/data/synthetic-data-agent-routing-math.txt,3-word-problem,agent router go to math,no CalcIntent operation covers it,A car travels 60 miles per hour for 2.5 hours. How far does the car travel in total?
149,src/ephemera/prompts/data/synthetic-data-agent-routing-math.txt,2-symbolic,agent router go to math,no CalcIntent operation covers it,"If John has 3 apples and gives 1 to his friend, how many apples does he have left?"
150,src/ephemera/prompts/data/synthetic-data-agent-routing-math.txt,2-symbolic,agent router go to math,no CalcIntent operation covers it,A rectangle has a length of 10 cm and a width of 5 cm. What is its area?
151,src/ephemera/prompts/data/synthetic-data-agent-routing-math.txt,3-word-problem,agent router go to math,no CalcIntent operation covers it,"If a train travels at 80 km/h and covers 320 km, how long did the journey take?"
152,src/ephemera/prompts/data/synthetic-data-agent-routing-math.txt,2-symbolic,agent router go to math,no CalcIntent operation covers it,"Sarah has $50. If she buys 5 pencils for $3 each, how much money does she have left?"
153,src/ephemera/prompts/data/synthetic-data-agent-routing-math.txt,3-word-problem,agent router go to math,no CalcIntent operation covers it,"A swimming pool can be filled by a pipe in 4 hours, but drained by another pipe in 6 hours. How long will it take to fill the pool if both pipes are open?"
154,src/ephemera/prompts/data/synthetic-data-agent-routing-math.txt,3-word-problem,agent router go to math,no CalcIntent operation covers it,"If a car uses 8 liters of fuel to travel 100 km, how many liters are needed to travel 250 km?"
155,src/ephemera/prompts/data/synthetic-data-agent-routing-math.txt,2-symbolic,agent router go to math,no CalcIntent operation covers it,A baker makes 120 cupcakes in 3 hours. How many cupcakes can the baker make in 8 hours?
156,src/ephemera/prompts/data/synthetic-data-agent-routing-math.txt,3-word-problem,agent router go to math,no CalcIntent operation covers it,"If the price of a jacket is $120 and there’s a 15% discount, what is the discounted price?"
157,src/ephemera/prompts/data/synthetic-data-agent-routing-math.txt,3-word-problem,agent router go to math,no CalcIntent operation covers it,Tom has $400. He wants to buy a video game console for $350 and a game for $60. Does he have enough money?
158,src/ephemera/prompts/data/synthetic-data-agent-routing-math.txt,2-symbolic,agent router go to math,no CalcIntent operation covers it,A tree grows 15 inches per year. How tall will the tree be after 7 years if it’s currently 4 feet tall?
159,src/ephemera/prompts/data/synthetic-data-agent-routing-math.txt,2-symbolic,agent router go to math,no CalcIntent operation covers it,A cyclist travels 45 miles in 3 hours. What is the cyclist's average speed?
160,src/ephemera/prompts/data/synthetic-data-agent-routing-math.txt,3-word-problem,agent router go to math,no CalcIntent operation covers it,"If 4 bags of flour cost $32, how much does 1 bag of flour cost?"
161,src/ephemera/prompts/data/synthetic-data-agent-routing-math.txt,3-word-problem,agent router go to math,no CalcIntent operation covers it,"A plane flies 600 miles in 2 hours. At this rate, how far will it fly in 5 hours?"
162,src/ephemera/prompts/data/synthetic-data-agent-routing-math.txt,3-word-problem,agent router go to math,no CalcIntent operation covers it,"A store sells shirts for $20 each. If a customer buys 5 shirts, how much will the customer pay after a 10% discount?"
163,src/ephemera/prompts/data/synthetic-data-agent-routing-math.txt,2-symbolic,agent router go to math,no CalcIntent operation covers it,"There are 30 students in a class. If 12 of them are boys, what percentage of the class are girls?"
164,src/ephemera/prompts/data/synthetic-data-agent-routing-math.txt,3-word-problem,agent router go to math,no CalcIntent operation covers it,"A box contains 12 chocolates. If you eat 3 chocolates every day, how many days will it take to finish the box?"
165,src/ephemera/prompts/data/synthetic-data-agent-routing-math.txt,3-word-problem,agent router go to math,no CalcIntent operation covers it,A car travels 360 km using 24 liters of gasoline. How many kilometers can it travel with 60 liters of gasoline?
166,src/ephemera/prompts/data/synthetic-data-agent-routing-math.txt,2-symbolic,agent router go to math,no CalcIntent operation covers it,A rectangular garden has a length of 8 meters and a width of 6 meters. How much fencing is needed to go around the garden?
167,src/ephemera/prompts/data/synthetic-data-agent-routing-math.txt,3-word-problem,agent router go to math,no CalcIntent operation covers it,"If the temperature drops 2 degrees every hour, how much will it drop in 7 hours?"
168,src/ephemera/prompts/data/synthetic-data-agent-routing-math.txt,1-bare-arithmetic,agent router go to math,no CalcIntent operation covers it,"Uh... what’s 253 plus, uh, 147?"
169,src/ephemera/prompts/data/synthetic-data-agent-routing-math.txt,1-bare-arithmetic,agent router go to math,no CalcIntent operation covers it,How do you... subtract 89... from 123?
170,src/ephemera/prompts/data/synthetic-data-agent-routing-math.txt,3-word-problem,agent router go to math,no CalcIntent operation covers it,"If you multiply, um, 56 by 8, what do you get?"
171,src/ephemera/prompts/data/synthetic-data-agent-routing-math.txt,1-bare-arithmetic,agent router go to math,no CalcIntent operation covers it,"What’s... what’s 45 divided by, uh, 9?"
172,src/ephemera/prompts/data/synthetic-data-agent-routing-math.txt,1-bare-arithmetic,agent router go to math,no CalcIntent operation covers it,"Uh... can you calculate the total of 34, 67, and... um, 129?"
173,src/ephemera/prompts/data/synthetic-data-agent-routing-math.txt,1-bare-arithmetic,agent router go to math,no CalcIntent operation covers it,"What’s the result of... uh, 25 times 16?"
174,src/ephemera/prompts/data/synthetic-data-agent-routing-math.txt,3-word-problem,agent router go to math,no CalcIntent operation covers it,"If you add, uh, 327... and 548, what’s the sum?"
175,src/ephemera/prompts/data/synthetic-data-agent-routing-math.txt,1-bare-arithmetic,agent router go to math,no CalcIntent operation covers it,"How do you... subtract 492 from... um, 980?"
176,src/ephemera/prompts/data/synthetic-data-agent-routing-math.txt,1-bare-arithmetic,agent router go to math,no CalcIntent operation covers it,"What’s the product of, uh, 64 and... 23?"
177,src/ephemera/prompts/data/synthetic-data-agent-routing-math.txt,1-bare-arithmetic,agent router go to math,no CalcIntent operation covers it,"How many times does 12 go into, um... 144?"
178,src/ephemera/prompts/data/synthetic-data-agent-routing-math.txt,1-bare-arithmetic,agent router go to math,no CalcIntent operation covers it,"What’s the remainder when you divide, um, 345 by 23?"
179,src/ephemera/prompts/data/synthetic-data-agent-routing-math.txt,1-bare-arithmetic,agent router go to math,no CalcIntent operation covers it,"How much is... uh, 789 minus 456?"
180,src/ephemera/prompts/data/synthetic-data-agent-routing-math.txt,2-symbolic,agent router go to math,no CalcIntent operation covers it,"What’s the result of multiplying... uh, 78 by 56?"
181,src/ephemera/prompts/data/synthetic-data-agent-routing-math.txt,3-word-problem,agent router go to math,no CalcIntent operation covers it,"If you have 300... and divide it by, uh... 25, what’s the quotient?"
182,src/ephemera/prompts/data/synthetic-data-agent-routing-math.txt,1-bare-arithmetic,agent router go to math,no CalcIntent operation covers it,"How do you calculate the difference between, uh... 560 and 345?"
183,src/ephemera/prompts/data/synthetic-data-agent-routing-math.txt,1-bare-arithmetic,agent router go to math,no CalcIntent operation covers it,"What’s the sum of... uh, 98, 134, and... um, 201?"
184,src/ephemera/prompts/data/synthetic-data-agent-routing-math.txt,1-bare-arithmetic,agent router go to math,no CalcIntent operation covers it,"How much is... um, 234 plus 167?"
185,src/ephemera/prompts/data/synthetic-data-agent-routing-math.txt,2-symbolic,agent router go to math,no CalcIntent operation covers it,"What’s the result of dividing... uh, 1,000 by 40?"
186,src/ephemera/prompts/data/synthetic-data-agent-routing-math.txt,3-word-problem,agent router go to math,no CalcIntent operation covers it,"If you subtract 299 from... um, 450, what’s left?"
187,src/ephemera/prompts/data/synthetic-data-agent-routing-math.txt,1-bare-arithmetic,agent router go to math,no CalcIntent operation covers it,"Uh... how do you multiply 15 by... uh, 35?"
188,src/ephemera/prompts/data/synthetic-data-agent-routing-math.txt,2-symbolic,agent router go to math,no CalcIntent operation covers it,"Um, how do you... solve the equation 2x plus 5 equals 17?"
189,src/ephemera/prompts/data/synthetic-data-agent-routing-math.txt,2-symbolic,agent router go to math,no CalcIntent operation covers it,"What’s the value of x in... uh, 4x minus 7 equals 9?"
190,src/ephemera/prompts/data/synthetic-data-agent-routing-math.txt,2-symbolic,agent router go to math,no CalcIntent operation covers it,"If y equals, um... 3x plus 4, what’s y when x is... uh, 5?"
191,src/ephemera/prompts/data/synthetic-data-agent-routing-math.txt,2-symbolic,agent router go to math,no CalcIntent operation covers it,"Uh... how do you factor, uh, x squared minus 9x... plus 14?"
192,src/ephemera/prompts/data/synthetic-data-agent-routing-math.txt,2-symbolic,agent router go to math,no CalcIntent operation covers it,"What’s the solution to, uh... 5x plus 12 equals 37?"
193,src/ephemera/prompts/data/synthetic-data-agent-routing-math.txt,2-symbolic,agent router go to math,no CalcIntent operation covers it,"Solve for x in the equation... uh, 3x squared minus 2x minus... 8 equals 0?"
194,src/ephemera/prompts/data/synthetic-data-agent-routing-math.txt,2-symbolic,agent router go to math,no CalcIntent operation covers it,"If x plus y equals, um, 15... and 2x minus y equals, uh, 7... what are x and y?"
195,src/ephemera/prompts/data/synthetic-data-agent-routing-math.txt,2-symbolic,agent router go to math,no CalcIntent operation covers it,"How do you, um, simplify the expression... uh, 2 times (x minus 3) plus 4x?"
196,src/ephemera/prompts/data/synthetic-data-agent-routing-math.txt,2-symbolic,agent router go to math,no CalcIntent operation covers it,"What’s the value of x in, uh... the equation... 3 over x plus 2 equals 7?"
197,src/ephemera/prompts/data/synthetic-data-agent-routing-math.txt,2-symbolic,agent router go to math,no CalcIntent operation covers it,"Solve the, um... inequality 3x plus 2 is greater than... uh, 11"
198,src/ephemera/prompts/data/synthetic-data-agent-routing-math.txt,2-symbolic,agent router go to math,no CalcIntent operation covers it,"What’s the slope of the line... uh, y equals 4x minus 3?"
199,src/ephemera/prompts/data/synthetic-data-agent-routing-math.txt,2-symbolic,agent router go to math,no CalcIntent operation covers it,"How do you solve for x in... um, the equation (x minus 5) over 2 equals 6?"
200,src/ephemera/prompts/data/synthetic-data-agent-routing-math.txt,2-symbolic,agent router go to math,no CalcIntent operation covers it,"If y equals, um, x squared minus 4x plus... uh, 6, what’s y when x is 3?"
201,src/ephemera/prompts/data/synthetic-data-agent-routing-math.txt,2-symbolic,agent router go to math,no CalcIntent operation covers it,"What’s the value of x in, um... 7x plus 9 equals 30?"
202,src/ephemera/prompts/data/synthetic-data-agent-routing-math.txt,2-symbolic,agent router go to math,no CalcIntent operation covers it,"Uh... how do you factor... um, x squared minus 6x... minus 7?"
203,src/ephemera/prompts/data/synthetic-data-agent-routing-math.txt,2-symbolic,agent router go to math,no CalcIntent operation covers it,"Solve for x in the equation... um, 2x plus 3 equals... x minus 5?"
204,src/ephemera/prompts/data/synthetic-data-agent-routing-math.txt,2-symbolic,agent router go to math,no CalcIntent operation covers it,"Uh, if 2x plus 4 equals, um... 3x minus 1, what’s x?"
205,src/ephemera/prompts/data/synthetic-data-agent-routing-math.txt,2-symbolic,agent router go to math,no CalcIntent operation covers it,"What’s the quadratic formula for... uh, solving ax squared plus bx plus c equals 0?"
206,src/ephemera/prompts/data/synthetic-data-agent-routing-math.txt,2-symbolic,agent router go to math,no CalcIntent operation covers it,"Uh, how do you simplify, um... (3x plus 2) minus (2x... minus 5?"
207,src/ephemera/prompts/data/synthetic-data-agent-routing-math.txt,2-symbolic,agent router go to math,no CalcIntent operation covers it,"What are the roots of the equation... um, x squared minus 8x plus 15 equals... uh, 0?"
208,src/ephemera/prompts/data/synthetic-data-agent-routing-math.txt,2-symbolic,agent router go to math,no CalcIntent operation covers it,"Uh... what’s the area of a circle with a, um... radius of 7 cm?"
209,src/ephemera/prompts/data/synthetic-data-agent-routing-math.txt,2-symbolic,agent router go to math,no CalcIntent operation covers it,"How do you calculate the, um... perimeter of a rectangle... with a length of 10 cm and... uh, width of 5 cm?"
210,src/ephemera/prompts/data/synthetic-data-agent-routing-math.txt,2-symbolic,agent router go to math,no CalcIntent operation covers it,"What’s the volume of a cylinder... um, with a radius of 4 cm... and height of 10 cm?"
211,src/ephemera/prompts/data/synthetic-data-agent-routing-math.txt,2-symbolic,agent router go to math,no CalcIntent operation covers it,"Uh... how do you find the area of a triangle with... uh, base of 6 cm and height of 8 cm?"
212,src/ephemera/prompts/data/synthetic-data-agent-routing-math.txt,2-symbolic,agent router go to math,no CalcIntent operation covers it,"What’s the circumference of a circle... um, with a diameter of... uh, 12 inches?"
213,src/ephemera/prompts/data/synthetic-data-agent-routing-math.txt,2-symbolic,agent router go to math,no CalcIntent operation covers it,"Uh, if a triangle has sides of... um, 3 cm, 4 cm, and 5 cm, is it a... right triangle?"
214,src/ephemera/prompts/data/synthetic-data-agent-routing-math.txt,2-symbolic,agent router go to math,no CalcIntent operation covers it,"What’s the surface area of a cube... um, with a side length of, uh... 6 cm?"
215,src/ephemera/prompts/data/synthetic-data-agent-routing-math.txt,2-symbolic,agent router go to math,no CalcIntent operation covers it,"How do you calculate the area of a, uh... parallelogram with a base of 9 cm and a height of, um, 5 cm?"
216,src/ephemera/prompts/data/synthetic-data-agent-routing-math.txt,2-symbolic,agent router go to math,no CalcIntent operation covers it,"What’s the measure of, um... each interior angle of a regular, uh... pentagon?"
217,src/ephemera/prompts/data/synthetic-data-agent-routing-math.txt,2-symbolic,agent router go to math,no CalcIntent operation covers it,"If two angles in a triangle are... um, 45 degrees and 55 degrees, what’s the... third angle?"
218,src/ephemera/prompts/data/synthetic-data-agent-routing-math.txt,2-symbolic,agent router go to math,no CalcIntent operation covers it,"Uh... how do you find the length of the hypotenuse in a, um... right triangle where the legs are 8 cm and, um, 15 cm?"
219,src/ephemera/prompts/data/synthetic-data-agent-routing-math.txt,2-symbolic,agent router go to math,no CalcIntent operation covers it,"What’s the area of a, uh... trapezoid with bases of 5 cm and 7 cm, and a height of, um, 4 cm?"
220,src/ephemera/prompts/data/synthetic-data-agent-routing-math.txt,2-symbolic,agent router go to math,no CalcIntent operation covers it,"How do you, uh... calculate the diagonal of a square with side lengths of... um, 10 cm?"
221,src/ephemera/prompts/data/synthetic-data-agent-routing-math.txt,2-symbolic,agent router go to math,no CalcIntent operation covers it,"What’s the volume of a, um... sphere with a radius of... uh, 3 cm?"
222,src/ephemera/prompts/data/synthetic-data-agent-routing-math.txt,2-symbolic,agent router go to math,no CalcIntent operation covers it,"If the sum of the angles in a quadrilateral is... um, 360 degrees, what’s the missing angle if the... other three are 80 degrees, 100 degrees, and, uh... 120 degrees?"
223,src/ephemera/prompts/data/synthetic-data-agent-routing-math.txt,2-symbolic,agent router go to math,no CalcIntent operation covers it,"How do you calculate the length of an arc in a circle with a... um, radius of 10 cm and a central angle of... uh, 60 degrees?"
224,src/ephemera/prompts/data/synthetic-data-agent-routing-math.txt,2-symbolic,agent router go to math,no CalcIntent operation covers it,"What’s the perimeter of an, uh... equilateral triangle with side lengths of... um, 8 cm?"
225,src/ephemera/prompts/data/synthetic-data-agent-routing-math.txt,2-symbolic,agent router go to math,no CalcIntent operation covers it,"If a rectangle’s diagonal is, um... 13 cm and one side is... uh, 5 cm, what’s the length of the... other side?"
226,src/ephemera/prompts/data/synthetic-data-agent-routing-math.txt,2-symbolic,agent router go to math,no CalcIntent operation covers it,"How do you find the, uh... radius of a circle if its area is... uh, 50.24 square cm?"
227,src/ephemera/prompts/data/synthetic-data-agent-routing-math.txt,2-symbolic,agent router go to math,no CalcIntent operation covers it,"What’s the sum of the, uh... interior angles of an octagon?"
228,src/ephemera/prompts/data/synthetic-data-agent-routing-math.txt,2-symbolic,agent router go to math,no CalcIntent operation covers it,"Uh... how do you find the sine of a... uh, 45-degree angle?"
229,src/ephemera/prompts/data/synthetic-data-agent-routing-math.txt,2-symbolic,agent router go to math,no CalcIntent operation covers it,"What’s the, um... cosine of, uh... 60 degrees?"
230,src/ephemera/prompts/data/synthetic-data-agent-routing-math.txt,2-symbolic,agent router go to math,no CalcIntent operation covers it,"How do you, um... calculate the tangent of a... uh, 30-degree angle?"
231,src/ephemera/prompts/data/synthetic-data-agent-routing-math.txt,2-symbolic,agent router go to math,no CalcIntent operation covers it,"What’s the, um, relationship between... uh, sine, cosine, and tangent in a... right triangle?"
232,src/ephemera/prompts/data/synthetic-data-agent-routing-math.txt,2-symbolic,agent router go to math,no CalcIntent operation covers it,"If sine theta equals, uh... one-half... what’s theta in degrees?"
233,src/ephemera/prompts/data/synthetic-data-agent-routing-math.txt,2-symbolic,agent router go to math,no CalcIntent operation covers it,"Uh, how do you use the Pythagorean theorem to... uh, find the hypotenuse in a right triangle where... um, the legs are 5 and, um, 12?"
234,src/ephemera/prompts/data/synthetic-data-agent-routing-math.txt,2-symbolic,agent router go to math,no CalcIntent operation covers it,"What’s the value of... uh, sine of 90 degrees minus theta in terms of... uh, theta?"
235,src/ephemera/prompts/data/synthetic-data-agent-routing-math.txt,2-symbolic,agent router go to math,no CalcIntent operation covers it,"How do you, um, find the angle of elevation if... uh, the opposite side is 8 meters and the adjacent side is... uh, 15 meters?"
236,src/ephemera/prompts/data/synthetic-data-agent-routing-math.txt,2-symbolic,agent router go to math,no CalcIntent operation covers it,"What’s the exact value of... uh, tangent of 45 degrees?"
237,src/ephemera/prompts/data/synthetic-data-agent-routing-math.txt,2-symbolic,agent router go to math,no CalcIntent operation covers it,"If cosine theta equals... uh, four-fifths, what’s sine theta?"
238,src/ephemera/prompts/data/synthetic-data-agent-routing-math.txt,2-symbolic,agent router go to math,no CalcIntent operation covers it,"Uh, how do you calculate the angle theta in a... um, right triangle where the opposite side is 7 and... um, the hypotenuse is 25?"
239,src/ephemera/prompts/data/synthetic-data-agent-routing-math.txt,2-symbolic,agent router go to math,no CalcIntent operation covers it,"What’s the, um, period of the sine function, uh, y equals sine x?"
240,src/ephemera/prompts/data/synthetic-data-agent-routing-math.txt,2-symbolic,agent router go to math,no CalcIntent operation covers it,"How do you, um, use the unit circle to find... uh, the values of sine 30 degrees and, uh, cosine 30 degrees?"
241,src/ephemera/prompts/data/synthetic-data-agent-routing-math.txt,2-symbolic,agent router go to math,no CalcIntent operation covers it,"What’s the amplitude of the function... um, y equals 3 sine x?"
242,src/ephemera/prompts/data/synthetic-data-agent-routing-math.txt,2-symbolic,agent router go to math,no CalcIntent operation covers it,"Uh, if the angle of depression is, um, 35 degrees and the horizontal distance is, uh... 50 meters, how do you... calculate the height?"
243,src/ephemera/prompts/data/synthetic-data-agent-routing-math.txt,2-symbolic,agent router go to math,no CalcIntent operation covers it,"How do you solve the equation... uh, 2 sine x equals 1 for x?"
244,src/ephemera/prompts/data/synthetic-data-agent-routing-math.txt,2-symbolic,agent router go to math,no CalcIntent operation covers it,"Uh... what’s the value of cosine... um, 180 degrees?"
245,src/ephemera/prompts/data/synthetic-data-agent-routing-math.txt,2-symbolic,agent router go to math,no CalcIntent operation covers it,"How do you find the exact value of... uh, tangent 60 degrees using a, um... 30-60-90 triangle?"
246,src/ephemera/prompts/data/synthetic-data-agent-routing-math.txt,2-symbolic,agent router go to math,no CalcIntent operation covers it,"If tangent theta equals... uh, 1, what’s the value of... uh, theta in degrees?"
247,src/ephemera/prompts/data/synthetic-data-agent-routing-math.txt,2-symbolic,agent router go to math,no CalcIntent operation covers it,"Uh... how do you calculate the length of the opposite side in a, um... right triangle if the angle is... uh, 25 degrees and the adjacent side is... um, 10 meters?"
248,src/ephemera/prompts/data/synthetic-data-agent-routing-math.txt,2-symbolic,agent router go to math,no CalcIntent operation covers it,"Uh... what’s the derivative of, um... f of x equals 3x squared plus 5x minus 7?"
249,src/ephemera/prompts/data/synthetic-data-agent-routing-math.txt,2-symbolic,agent router go to math,no CalcIntent operation covers it,"How do you, um, find the integral of... uh, cosine x?"
250,src/ephemera/prompts/data/synthetic-data-agent-routing-math.txt,2-symbolic,agent router go to math,no CalcIntent operation covers it,"What is the, um, limit of... uh, 1 over x as x approaches, um, infinity?"
251,src/ephemera/prompts/data/synthetic-data-agent-routing-math.txt,2-symbolic,agent router go to math,no CalcIntent operation covers it,"Uh... how do you, um... compute the derivative of f of x equals e to the x?"
252,src/ephemera/prompts/data/synthetic-data-agent-routing-math.txt,2-symbolic,agent router go to math,no CalcIntent operation covers it,"What’s the definite integral of... um, the integral from 0 to 2 of... uh, 3x squared plus 1 dx?"
253,src/ephemera/prompts/data/synthetic-data-agent-routing-math.txt,2-symbolic,agent router go to math,no CalcIntent operation covers it,"How do you, um, find the critical points of the function... uh, f of x equals x cubed minus 3x squared plus... uh, 2?"
254,src/ephemera/prompts/data/synthetic-data-agent-routing-math.txt,2-symbolic,agent router go to math,no CalcIntent operation covers it,"What’s the, um, second derivative of... uh, f of x equals 4x cubed minus 2x squared plus, um, x?"
255,src/ephemera/prompts/data/synthetic-data-agent-routing-math.txt,2-symbolic,agent router go to math,no CalcIntent operation covers it,"How do you apply L'Hopital’s Rule to, um... evaluate the limit of... uh, sine x over x as x approaches... um, zero?"
256,src/ephemera/prompts/data/synthetic-data-agent-routing-math.txt,2-symbolic,agent router go to math,no CalcIntent operation covers it,"Uh... what’s the antiderivative of f of x equals... um, one over x?"
257,src/ephemera/prompts/data/synthetic-data-agent-routing-math.txt,2-symbolic,agent router go to math,no CalcIntent operation covers it,"How do you calculate the, um... area under the curve f of x equals x squared plus 1 from... uh, x equals 0 to x equals 3?"
258,src/ephemera/prompts/data/synthetic-data-agent-routing-math.txt,2-symbolic,agent router go to math,no CalcIntent operation covers it,"What’s the, um, chain rule and how do you, uh... apply it to f of x equals sine of, um... 3x?"
259,src/ephemera/prompts/data/synthetic-data-agent-routing-math.txt,2-symbolic,agent router go to math,no CalcIntent operation covers it,"What’s the derivative of, uh... f of x equals ln of x?"
260,src/ephemera/prompts/data/synthetic-data-agent-routing-math.txt,2-symbolic,agent router go to math,no CalcIntent operation covers it,"Uh... how do you find the local maximum of... uh, f of x equals negative x squared plus 4x plus, um... 1?"
261,src/ephemera/prompts/data/synthetic-data-agent-routing-math.txt,2-symbolic,agent router go to math,no CalcIntent operation covers it,"What’s the, um... integral of f of x equals x cubed?"
262,src/ephemera/prompts/data/synthetic-data-agent-routing-math.txt,2-symbolic,agent router go to math,no CalcIntent operation covers it,"Uh, how do you solve the differential equation... um, dy over dx equals y?"
263,src/ephemera/prompts/data/synthetic-data-agent-routing-math.txt,2-symbolic,agent router go to math,no CalcIntent operation covers it,"What’s the, um, slope of the tangent line to the curve... uh, y equals x squared plus 2x at... um, x equals 1?"
264,src/ephemera/prompts/data/synthetic-data-agent-routing-math.txt,2-symbolic,agent router go to math,no CalcIntent operation covers it,"How do you, um... find the derivative of a product of two functions, say, um... f of x equals (2x plus 1) times, um, (x squared plus 3x?"
265,src/ephemera/prompts/data/synthetic-data-agent-routing-math.txt,2-symbolic,agent router go to math,no CalcIntent operation covers it,"Uh... what’s the limit of... uh, e to the x over x squared as x approaches... uh, infinity?"
266,src/ephemera/prompts/data/synthetic-data-agent-routing-math.txt,2-symbolic,agent router go to math,no CalcIntent operation covers it,"How do you use the Mean Value Theorem to, um... find a point where the derivative... equals the average rate of change?"
267,src/ephemera/prompts/data/synthetic-data-agent-routing-math.txt,2-symbolic,agent router go to math,no CalcIntent operation covers it,"What’s the, uh, integral of sine squared x... using, um, a trigonometric identity?"
268,src/ephemera/prompts/data/synthetic-data-agent-routing-math.txt,3-word-problem,agent router go to math,no CalcIntent operation covers it,"Uh... a car travels 60 miles per hour for... uh, 2.5 hours. How far does the car... um, travel in total?"
269,src/ephemera/prompts/data/synthetic-data-agent-routing-math.txt,2-symbolic,agent router go to math,no CalcIntent operation covers it,"Uh... if John has 3 apples and, um, gives 1 to his friend... how many apples does he have left?"
270,src/ephemera/prompts/data/synthetic-data-agent-routing-math.txt,2-symbolic,agent router go to math,no CalcIntent operation covers it,"A rectangle has a, um... length of 10 cm and a width of, uh... 5 cm. What’s its area?"
271,src/ephemera/prompts/data/synthetic-data-agent-routing-math.txt,3-word-problem,agent router go to math,no CalcIntent operation covers it,"If a train travels at... um, 80 kilometers per hour and covers 320 kilometers, uh... how long did the journey, um, take?"
272,src/ephemera/prompts/data/synthetic-data-agent-routing-math.txt,2-symbolic,agent router go to math,no CalcIntent operation covers it,"Uh... Sarah has $50. If she buys 5 pencils for, um... $3 each, how much money does she, uh... have left?"
273,src/ephemera/prompts/data/synthetic-data-agent-routing-math.txt,3-word-problem,agent router go to math,no CalcIntent operation covers it,"A swimming pool can be, um... filled by a pipe in 4 hours but, uh... drained by another pipe in 6 hours. How long will it, um... take to fill the pool if both pipes are... uh, open?"
274,src/ephemera/prompts/data/synthetic-data-agent-routing-math.txt,3-word-problem,agent router go to math,no CalcIntent operation covers it,"Uh, if a car uses 8 liters of fuel to, um... travel 100 kilometers, how many liters are needed to, uh... travel 250 kilometers?"
275,src/ephemera/prompts/data/synthetic-data-agent-routing-math.txt,2-symbolic,agent router go to math,no CalcIntent operation covers it,"A baker makes 120 cupcakes in, um... 3 hours. How many cupcakes can the baker, uh... make in 8 hours?"
276,src/ephemera/prompts/data/synthetic-data-agent-routing-math.txt,3-word-problem,agent router go to math,no CalcIntent operation covers it,"If the price of a jacket is, um... $120 and there’s a 15% discount, uh... what’s the discounted price?"
277,src/ephemera/prompts/data/synthetic-data-agent-routing-math.txt,3-word-problem,agent router go to math,no CalcIntent operation covers it,"Tom has $400. He wants to buy a, um... video game console for $350 and a game for, uh... $60. Does he have enough, um, money?"
278,src/ephemera/prompts/data/synthetic-data-agent-routing-math.txt,2-symbolic,agent router go to math,no CalcIntent operation covers it,"Uh... a tree grows 15 inches per year. How tall will the tree, uh... be after 7 years if it’s, um... currently 4 feet tall?"
279,src/ephemera/prompts/data/synthetic-data-agent-routing-math.txt,2-symbolic,agent router go to math,no CalcIntent operation covers it,"A cyclist travels, uh... 45 miles in 3 hours. What’s the cyclist’s, uh, average speed?"
280,src/ephemera/prompts/data/synthetic-data-agent-routing-math.txt,3-word-problem,agent router go to math,no CalcIntent operation covers it,"If 4 bags of flour cost, um... $32, how much does, uh... one bag of flour, uh, cost?"
281,src/ephemera/prompts/data/synthetic-data-agent-routing-math.txt,3-word-problem,agent router go to math,no CalcIntent operation covers it,"Uh... a plane flies 600 miles in, um... 2 hours. At this rate, how far will it, uh... fly in 5 hours?"
282,src/ephemera/prompts/data/synthetic-data-agent-routing-math.txt,3-word-problem,agent router go to math,no CalcIntent operation covers it,"Uh... a store sells shirts for $20 each. If a customer buys, um, 5 shirts... how much will the customer, um... pay after a 10% discount?"
283,src/ephemera/prompts/data/synthetic-data-agent-routing-math.txt,2-symbolic,agent router go to math,no CalcIntent operation covers it,"Uh... there are 30 students in a class. If 12 of them are, uh... boys, what percentage of the class are, um... girls?"
284,src/ephemera/prompts/data/synthetic-data-agent-routing-math.txt,3-word-problem,agent router go to math,no CalcIntent operation covers it,"Uh... a box contains 12 chocolates. If you, um... eat 3 chocolates every day... how many days will it, uh, take to finish the, um... box?"
285,src/ephemera/prompts/data/synthetic-data-agent-routing-math.txt,3-word-problem,agent router go to math,no CalcIntent operation covers it,"Uh, a car travels 360 kilometers using, um... 24 liters of gasoline. How many kilometers can it, uh... travel with 60 liters of gasoline?"
286,src/ephemera/prompts/data/synthetic-data-agent-routing-math.txt,2-symbolic,agent router go to math,no CalcIntent operation covers it,"Uh... a rectangular garden has a length of, um... 8 meters and a width of, uh, 6 meters. How much fencing is, um, needed to go around the... uh, garden?"
287,src/ephemera/prompts/data/synthetic-data-agent-routing-math.txt,3-word-problem,agent router go to math,no CalcIntent operation covers it,"Uh... if the temperature drops, um... 2 degrees every hour, how much will it, uh... drop in 7 hours?"
288,src/ephemera/prompts/data/synthetic-data-agent-routing-math.txt,0-routing-phrase,agent router go to math,no CalcIntent operation covers it,This is a math problem
289,src/ephemera/prompts/data/synthetic-data-agent-routing-math.txt,0-routing-phrase,agent router go to math,no CalcIntent operation covers it,Solve this like math
290,src/ephemera/prompts/data/synthetic-data-agent-routing-math.txt,0-routing-phrase,agent router go to math,no CalcIntent operation covers it,Treat this as math
291,src/ephemera/prompts/data/synthetic-data-agent-routing-math.txt,0-routing-phrase,agent router go to math,no CalcIntent operation covers it,Just a math question
292,src/ephemera/prompts/data/synthetic-data-agent-routing-math.txt,0-routing-phrase,agent router go to math,no CalcIntent operation covers it,This is pure math
293,src/ephemera/prompts/data/synthetic-data-agent-routing-math.txt,0-routing-phrase,agent router go to math,no CalcIntent operation covers it,Handle this as math
294,src/ephemera/prompts/data/synthetic-data-agent-routing-math.txt,0-routing-phrase,agent router go to math,no CalcIntent operation covers it,Solve it like math
295,src/ephemera/prompts/data/synthetic-data-agent-routing-math.txt,0-routing-phrase,agent router go to math,no CalcIntent operation covers it,Think of this as math
296,src/ephemera/prompts/data/synthetic-data-agent-routing-math.txt,0-routing-phrase,agent router go to math,no CalcIntent operation covers it,It’s a math problem
297,src/ephemera/prompts/data/synthetic-data-agent-routing-math.txt,0-routing-phrase,agent router go to math,no CalcIntent operation covers it,Work through this as math
298,src/ephemera/prompts/data/synthetic-data-agent-routing-math.txt,0-routing-phrase,agent router go to math,no CalcIntent operation covers it,"Math problem, solve it"
299,src/ephemera/prompts/data/synthetic-data-agent-routing-math.txt,0-routing-phrase,agent router go to math,no CalcIntent operation covers it,Approach this with math
300,src/ephemera/prompts/data/synthetic-data-agent-routing-math.txt,0-routing-phrase,agent router go to math,no CalcIntent operation covers it,Solve it as a math question
301,src/ephemera/prompts/data/synthetic-data-agent-routing-math.txt,0-routing-phrase,agent router go to math,no CalcIntent operation covers it,"This is math, not a puzzle"
302,src/ephemera/prompts/data/synthetic-data-agent-routing-math.txt,0-routing-phrase,agent router go to math,no CalcIntent operation covers it,Do the math here
303,src/ephemera/prompts/data/synthetic-data-agent-routing-math.txt,0-routing-phrase,agent router go to math,no CalcIntent operation covers it,Look at this as math
304,src/ephemera/prompts/data/synthetic-data-agent-routing-math.txt,0-routing-phrase,agent router go to math,no CalcIntent operation covers it,It’s a simple math problem
305,src/ephemera/prompts/data/synthetic-data-agent-routing-math.txt,0-routing-phrase,agent router go to math,no CalcIntent operation covers it,Process this as a math task
306,src/ephemera/prompts/data/synthetic-data-agent-routing-math.txt,2-symbolic,agent router go to math,no CalcIntent operation covers it,Solve this math equation
307,src/ephemera/prompts/data/synthetic-data-agent-routing-math.txt,0-routing-phrase,agent router go to math,no CalcIntent operation covers it,Treat it as a math calculation
308,src/ephemera/prompts/data/synthetic-data-agent-routing-math.txt,0-routing-phrase,agent router go to math,no CalcIntent operation covers it,Consider this a math problem and solve it accordingly
309,src/ephemera/prompts/data/synthetic-data-agent-routing-math.txt,2-symbolic,agent router go to math,no CalcIntent operation covers it,Treat this just like a standard math equation
310,src/ephemera/prompts/data/synthetic-data-agent-routing-math.txt,2-symbolic,agent router go to math,no CalcIntent operation covers it,"I’m giving you a math problem, please handle it as one"
311,src/ephemera/prompts/data/synthetic-data-agent-routing-math.txt,0-routing-phrase,agent router go to math,no CalcIntent operation covers it,Approach this like you would any other math problem
312,src/ephemera/prompts/data/synthetic-data-agent-routing-math.txt,0-routing-phrase,agent router go to math,no CalcIntent operation covers it,"This is a math question, so work through it step by step"
313,src/ephemera/prompts/data/synthetic-data-agent-routing-math.txt,0-routing-phrase,agent router go to math,no CalcIntent operation covers it,"Think of this as a pure math problem, nothing else"
314,src/ephemera/prompts/data/synthetic-data-agent-routing-math.txt,0-routing-phrase,agent router go to math,no CalcIntent operation covers it,Solve this like it's a typical math exercise
315,src/ephemera/prompts/data/synthetic-data-agent-routing-math.txt,0-routing-phrase,agent router go to math,no CalcIntent operation covers it,Look at this as a math problem and give me the solution
316,src/ephemera/prompts/data/synthetic-data-agent-routing-math.txt,0-routing-phrase,agent router go to math,no CalcIntent operation covers it,Process this exactly as you would a math problem
317,src/ephemera/prompts/data/synthetic-data-agent-routing-math.txt,0-routing-phrase,agent router go to math,no CalcIntent operation covers it,Treat this input as a math calculation
318,src/ephemera/prompts/data/synthetic-data-agent-routing-math.txt,0-routing-phrase,agent router go to math,no CalcIntent operation covers it,Approach this with your math-solving logic
319,src/ephemera/prompts/data/synthetic-data-agent-routing-math.txt,2-symbolic,agent router go to math,no CalcIntent operation covers it,Think of this entirely as a math equation to be solved
320,src/ephemera/prompts/data/synthetic-data-agent-routing-math.txt,0-routing-phrase,agent router go to math,no CalcIntent operation covers it,Handle this the same way you would handle any math problem
321,src/ephemera/prompts/data/synthetic-data-agent-routing-math.txt,0-routing-phrase,agent router go to math,no CalcIntent operation covers it,Take this as a math problem and provide the appropriate answer
322,src/ephemera/prompts/data/synthetic-data-agent-routing-math.txt,0-routing-phrase,agent router go to math,no CalcIntent operation covers it,"This isn't a riddle, treat this exactly like a math problem"
323,src/ephemera/prompts/data/synthetic-data-agent-routing-math.txt,0-routing-phrase,agent router go to math,no CalcIntent operation covers it,"I'm not looking for anything tricky, just handle this like a straightforward math question"
324,src/ephemera/prompts/data/synthetic-data-agent-routing-math.txt,0-routing-phrase,agent router go to math,no CalcIntent operation covers it,"This is purely a math problem, solve it as such"
325,src/ephemera/prompts/data/synthetic-data-agent-routing-math.txt,0-routing-phrase,agent router go to math,no CalcIntent operation covers it,"I want you to interpret this strictly as a math problem, no need for anything else"
326,src/ephemera/prompts/data/synthetic-data-agent-routing-math.txt,0-routing-phrase,agent router go to math,no CalcIntent operation covers it,"This isn't hypothetical, treat it as a math calculation"
327,src/ephemera/prompts/data/synthetic-data-agent-routing-math.txt,0-routing-phrase,agent router go to math,no CalcIntent operation covers it,"Think of this like a math problem and solve it accordingly, nothing more"
328,src/ephemera/prompts/data/synthetic-data-agent-routing-math.txt,0-routing-phrase,agent router go to math,no CalcIntent operation covers it,This is a geometry question
329,src/ephemera/prompts/data/synthetic-data-agent-routing-math.txt,0-routing-phrase,agent router go to math,no CalcIntent operation covers it,Treat this like a geometry problem
330,src/ephemera/prompts/data/synthetic-data-agent-routing-math.txt,0-routing-phrase,agent router go to math,no CalcIntent operation covers it,"This is a question about geometry, solve it as such"
331,src/ephemera/prompts/data/synthetic-data-agent-routing-math.txt,0-routing-phrase,agent router go to math,no CalcIntent operation covers it,Solve this as you would any geometry question
332,src/ephemera/prompts/data/synthetic-data-agent-routing-math.txt,0-routing-phrase,agent router go to math,no CalcIntent operation covers it,"This isn't just math, it's geometry, handle it that way"
333,src/ephemera/prompts/data/synthetic-data-agent-routing-math.txt,0-routing-phrase,agent router go to math,no CalcIntent operation covers it,Consider this a geometry question and approach it accordingly
334,src/ephemera/prompts/data/synthetic-data-agent-routing-math.txt,2-symbolic,agent router go to math,no CalcIntent operation covers it,"I’m giving you a geometry problem, solve it like one"
335,src/ephemera/prompts/data/synthetic-data-agent-routing-math.txt,0-routing-phrase,agent router go to math,no CalcIntent operation covers it,Think of this strictly as a geometry question
336,src/ephemera/prompts/data/synthetic-data-agent-routing-math.txt,0-routing-phrase,agent router go to math,no CalcIntent operation covers it,Approach this as a geometry problem
337,src/ephemera/prompts/data/synthetic-data-agent-routing-math.txt,0-routing-phrase,agent router go to math,no CalcIntent operation covers it,Work through this like a geometry exercise
338,src/ephemera/prompts/data/synthetic-data-agent-routing-math.txt,0-routing-phrase,agent router go to math,no CalcIntent operation covers it,"This is about geometry, solve it using geometric methods"
339,src/ephemera/prompts/data/synthetic-data-agent-routing-math.txt,0-routing-phrase,agent router go to math,no CalcIntent operation covers it,Focus on this as a pure geometry question
340,src/ephemera/prompts/data/synthetic-data-agent-routing-math.txt,0-routing-phrase,agent router go to math,no CalcIntent operation covers it,"This is purely a geometry problem, treat it accordingly"
341,src/ephemera/prompts/data/synthetic-data-agent-routing-math.txt,0-routing-phrase,agent router go to math,no CalcIntent operation covers it,"Treat this question as geometry, not general math"
342,src/ephemera/prompts/data/synthetic-data-agent-routing-math.txt,2-symbolic,agent router go to math,no CalcIntent operation covers it,"This is a geometry equation, find the correct answer"
343,src/ephemera/prompts/data/synthetic-data-agent-routing-math.txt,0-routing-phrase,agent router go to math,no CalcIntent operation covers it,Solve this as a problem in geometry
344,src/ephemera/prompts/data/synthetic-data-agent-routing-math.txt,0-routing-phrase,agent router go to math,no CalcIntent operation covers it,Think of this like it’s a geometry test question
345,src/ephemera/prompts/data/synthetic-data-agent-routing-math.txt,2-symbolic,agent router go to math,no CalcIntent operation covers it,Use geometry concepts to solve this one
346,src/ephemera/prompts/data/synthetic-data-agent-routing-math.txt,0-routing-phrase,agent router go to math,no CalcIntent operation covers it,Handle this with geometry principles in mind
347,src/ephemera/prompts/data/synthetic-data-agent-routing-math.txt,0-routing-phrase,agent router go to math,no CalcIntent operation covers it,This is a problem about shapes and spaces—solve it like a geometry problem
348,src/ephemera/prompts/data/synthetic-data-agent-routing-math.txt,2-symbolic,agent router go to math,no CalcIntent operation covers it,This is a calculus question
349,src/ephemera/prompts/data/synthetic-data-agent-routing-math.txt,2-symbolic,agent router go to math,no CalcIntent operation covers it,Treat this like a calculus problem
350,src/ephemera/prompts/data/synthetic-data-agent-routing-math.txt,2-symbolic,agent router go to math,no CalcIntent operation covers it,"This is a question about calculus, solve it accordingly"
351,src/ephemera/prompts/data/synthetic-data-agent-routing-math.txt,2-symbolic,agent router go to math,no CalcIntent operation covers it,Solve this as you would any calculus question
352,src/ephemera/prompts/data/synthetic-data-agent-routing-math.txt,2-symbolic,agent router go to math,no CalcIntent operation covers it,"This isn’t general math, it’s calculus, handle it that way"
353,src/ephemera/prompts/data/synthetic-data-agent-routing-math.txt,2-symbolic,agent router go to math,no CalcIntent operation covers it,Consider this a calculus problem and approach it as such
354,src/ephemera/prompts/data/synthetic-data-agent-routing-math.txt,2-symbolic,agent router go to math,no CalcIntent operation covers it,"I’m giving you a calculus problem, solve it like one"
355,src/ephemera/prompts/data/synthetic-data-agent-routing-math.txt,2-symbolic,agent router go to math,no CalcIntent operation covers it,Think of this strictly as a calculus question
356,src/ephemera/prompts/data/synthetic-data-agent-routing-math.txt,2-symbolic,agent router go to math,no CalcIntent operation covers it,Approach this as a calculus-specific problem
357,src/ephemera/prompts/data/synthetic-data-agent-routing-math.txt,2-symbolic,agent router go to math,no CalcIntent operation covers it,Work through this as a calculus exercise
358,src/ephemera/prompts/data/synthetic-data-agent-routing-math.txt,2-symbolic,agent router go to math,no CalcIntent operation covers it,"This is a calculus question, so use calculus methods"
359,src/ephemera/prompts/data/synthetic-data-agent-routing-math.txt,2-symbolic,agent router go to math,no CalcIntent operation covers it,Focus on this as a calculus problem
360,src/ephemera/prompts/data/synthetic-data-agent-routing-math.txt,2-symbolic,agent router go to math,no CalcIntent operation covers it,Treat this problem with calculus concepts in mind
361,src/ephemera/prompts/data/synthetic-data-agent-routing-math.txt,2-symbolic,agent router go to math,no CalcIntent operation covers it,"This is purely a calculus equation, solve it accordingly"
362,src/ephemera/prompts/data/synthetic-data-agent-routing-math.txt,2-symbolic,agent router go to math,no CalcIntent operation covers it,Solve this like it’s part of a calculus exam
363,src/ephemera/prompts/data/synthetic-data-agent-routing-math.txt,2-symbolic,agent router go to math,no CalcIntent operation covers it,This is a calculus equation—find the solution using calculus
364,src/ephemera/prompts/data/synthetic-data-agent-routing-math.txt,2-symbolic,agent router go to math,no CalcIntent operation covers it,Handle this with calculus logic
365,src/ephemera/prompts/data/synthetic-data-agent-routing-math.txt,2-symbolic,agent router go to math,no CalcIntent operation covers it,Use your calculus skills to solve this
366,src/ephemera/prompts/data/synthetic-data-agent-routing-math.txt,2-symbolic,agent router go to math,no CalcIntent operation covers it,"Think of this as a calculus problem, not general math"
367,src/ephemera/prompts/data/synthetic-data-agent-routing-math.txt,2-symbolic,agent router go to math,no CalcIntent operation covers it,Interpret this as a calculus question and solve it accordingly
368,src/ephemera/prompts/data/synthetic-data-agent-routing-math.txt,0-routing-phrase,agent router go to math,no CalcIntent operation covers it,This is a math word problem
369,src/ephemera/prompts/data/synthetic-data-agent-routing-math.txt,0-routing-phrase,agent router go to math,no CalcIntent operation covers it,Treat this like a math word problem
370,src/ephemera/prompts/data/synthetic-data-agent-routing-math.txt,0-routing-phrase,agent router go to math,no CalcIntent operation covers it,"This is a math word problem, solve it accordingly"
371,src/ephemera/prompts/data/synthetic-data-agent-routing-math.txt,0-routing-phrase,agent router go to math,no CalcIntent operation covers it,Solve this as you would any math word problem
372,src/ephemera/prompts/data/synthetic-data-agent-routing-math.txt,0-routing-phrase,agent router go to math,no CalcIntent operation covers it,"This isn’t just a puzzle, it’s a math word problem"
373,src/ephemera/prompts/data/synthetic-data-agent-routing-math.txt,0-routing-phrase,agent router go to math,no CalcIntent operation covers it,Consider this a math word problem and approach it that way
374,src/ephemera/prompts/data/synthetic-data-agent-routing-math.txt,2-symbolic,agent router go to math,no CalcIntent operation covers it,"I’m giving you a math word problem, solve it like one"
375,src/ephemera/prompts/data/synthetic-data-agent-routing-math.txt,0-routing-phrase,agent router go to math,no CalcIntent operation covers it,Think of this strictly as a math word problem
376,src/ephemera/prompts/data/synthetic-data-agent-routing-math.txt,0-routing-phrase,agent router go to math,no CalcIntent operation covers it,Approach this as a real-world math word problem
377,src/ephemera/prompts/data/synthetic-data-agent-routing-math.txt,0-routing-phrase,agent router go to math,no CalcIntent operation covers it,Work through this like any standard math word problem
378,src/ephemera/prompts/data/synthetic-data-agent-routing-math.txt,0-routing-phrase,agent router go to math,no CalcIntent operation covers it,"This is a math word problem, so break it down step by step"
379,src/ephemera/prompts/data/synthetic-data-agent-routing-math.txt,0-routing-phrase,agent router go to math,no CalcIntent operation covers it,Focus on this as a practical math word problem
380,src/ephemera/prompts/data/synthetic-data-agent-routing-math.txt,0-routing-phrase,agent router go to math,no CalcIntent operation covers it,Treat this as a math word problem that needs calculation
381,src/ephemera/prompts/data/synthetic-data-agent-routing-math.txt,0-routing-phrase,agent router go to math,no CalcIntent operation covers it,"This is purely a math word problem, solve it accordingly"
382,src/ephemera/prompts/data/synthetic-data-agent-routing-math.txt,0-routing-phrase,agent router go to math,no CalcIntent operation covers it,Solve this as part of a math word problem test
383,src/ephemera/prompts/data/synthetic-data-agent-routing-math.txt,0-routing-phrase,agent router go to math,no CalcIntent operation covers it,This is a math word problem—use logic and math to solve it
384,src/ephemera/prompts/data/synthetic-data-agent-routing-math.txt,0-routing-phrase,agent router go to math,no CalcIntent operation covers it,Handle this like a math word problem that involves numbers
385,src/ephemera/prompts/data/synthetic-data-agent-routing-math.txt,0-routing-phrase,agent router go to math,no CalcIntent operation covers it,Use your math word problem-solving strategies for this
386,src/ephemera/prompts/data/synthetic-data-agent-routing-math.txt,2-symbolic,agent router go to math,no CalcIntent operation covers it,"Think of this as a math word problem, not just a math equation"
387,src/ephemera/prompts/data/synthetic-data-agent-routing-math.txt,0-routing-phrase,agent router go to math,no CalcIntent operation covers it,Interpret this as a math word problem and solve it accordingly
390,src/ephemera/prompts/data/synthetic-data-agent-routing-math.txt,0-routing-phrase,agent router go to math,no CalcIntent operation covers it,Connect me with the math specialist
391,src/ephemera/prompts/data/synthetic-data-agent-routing-math.txt,0-routing-phrase,agent router go to math,no CalcIntent operation covers it,Switch to the math agent
392,src/ephemera/prompts/data/synthetic-data-agent-routing-math.txt,0-routing-phrase,agent router go to math,no CalcIntent operation covers it,Put me through to the math agent please
393,src/ephemera/prompts/data/synthetic-data-agent-routing-math.txt,0-routing-phrase,agent router go to math,no CalcIntent operation covers it,Activate math mode
394,src/ephemera/prompts/data/synthetic-data-agent-routing-math.txt,0-routing-phrase,agent router go to math,no CalcIntent operation covers it,Switch me over to the math specialist
395,src/ephemera/prompts/data/synthetic-data-agent-routing-math.txt,0-routing-phrase,agent router go to math,no CalcIntent operation covers it,I need the math agent
396,src/ephemera/prompts/data/synthetic-data-agent-routing-math.txt,0-routing-phrase,agent router go to math,no CalcIntent operation covers it,Connect me to math mode please
397,src/ephemera/prompts/data/synthetic-data-agent-routing-math.txt,0-routing-phrase,agent router go to math,no CalcIntent operation covers it,Take me to the math specialist
398,src/ephemera/prompts/data/synthetic-data-agent-routing-math.txt,0-routing-phrase,agent router go to math,no CalcIntent operation covers it,I'd like to use the math agent
399,src/ephemera/prompts/data/synthetic-data-agent-routing-math.txt,0-routing-phrase,agent router go to math,no CalcIntent operation covers it,Hand me off to the math specialist
400,src/ephemera/prompts/data/synthetic-data-agent-routing-math.txt,0-routing-phrase,agent router go to math,no CalcIntent operation covers it,Transfer me to the math agent
401,src/ephemera/prompts/data/synthetic-data-agent-routing-math.txt,0-routing-phrase,agent router go to math,no CalcIntent operation covers it,Go to math mode
402,src/ephemera/prompts/data/synthetic-data-agent-routing-math.txt,0-routing-phrase,agent router go to math,no CalcIntent operation covers it,I want the math specialist
403,src/ephemera/prompts/data/synthetic-data-agent-routing-math.txt,0-routing-phrase,agent router go to math,no CalcIntent operation covers it,Give me the math agent please
404,src/ephemera/prompts/data/synthetic-data-agent-routing-math.txt,0-routing-phrase,agent router go to math,no CalcIntent operation covers it,I need to talk to the math mode agent
405,src/ephemera/prompts/data/synthetic-data-agent-routing-math.txt,0-routing-phrase,agent router go to math,no CalcIntent operation covers it,Put the math specialist on
406,src/ephemera/prompts/data/synthetic-data-agent-routing-math.txt,0-routing-phrase,agent router go to math,no CalcIntent operation covers it,Can I get the math agent
407,src/ephemera/prompts/data/synthetic-data-agent-routing-math.txt,0-routing-phrase,agent router go to math,no CalcIntent operation covers it,Let me use the math specialist please
408,src/ephemera/prompts/data/synthetic-data-agent-routing-math.txt,0-routing-phrase,agent router go to math,no CalcIntent operation covers it,Open up the math agent for me
411,src/ephemera/prompts/data/synthetic-data-agent-routing-math.txt,3-word-problem,agent router go to math,no CalcIntent operation covers it,Calculate the total cost if I buy 15 items at $3.99 each
412,src/ephemera/prompts/data/synthetic-data-agent-routing-math.txt,2-symbolic,agent router go to math,no CalcIntent operation covers it,Solve this equation for me: 2x + 5 = 17
413,src/ephemera/prompts/data/synthetic-data-agent-routing-math.txt,3-word-problem,agent router go to math,no CalcIntent operation covers it,Do the math on how much I'll save with a 25% discount on $450
414,src/ephemera/prompts/data/synthetic-data-agent-routing-math.txt,2-symbolic,agent router go to math,no CalcIntent operation covers it,Compute the area of a circle with radius 8
415,src/ephemera/prompts/data/synthetic-data-agent-routing-math.txt,1-bare-arithmetic,agent router go to math,no CalcIntent operation covers it,I need you to solve this arithmetic problem: 847 divided by 23
416,src/ephemera/prompts/data/synthetic-data-agent-routing-math.txt,2-symbolic,agent router go to math,no CalcIntent operation covers it,Work out this math problem: what's 15% of 680
417,src/ephemera/prompts/data/synthetic-data-agent-routing-math.txt,2-symbolic,agent router go to math,no CalcIntent operation covers it,Solve for x: 3x squared minus 12 equals zero
418,src/ephemera/prompts/data/synthetic-data-agent-routing-math.txt,2-symbolic,agent router go to math,no CalcIntent operation covers it,Calculate the tip on a $87.50 dinner bill at 20%
419,src/ephemera/prompts/data/synthetic-data-agent-routing-math.txt,3-word-problem,agent router go to math,no CalcIntent operation covers it,Do some math for me: if a train goes 60 mph for 2.5 hours how far
420,src/ephemera/prompts/data/synthetic-data-agent-routing-math.txt,2-symbolic,agent router go to math,no CalcIntent operation covers it,Compute the square root of 1764
421,src/ephemera/prompts/data/synthetic-data-agent-routing-math.txt,2-symbolic,agent router go to math,no CalcIntent operation covers it,I need math help: what's the hypotenuse if the sides are 5 and 12
422,src/ephemera/prompts/data/synthetic-data-agent-routing-math.txt,2-symbolic,agent router go to math,no CalcIntent operation covers it,"Solve this formula: distance equals rate times time, rate is 55 and time is 3.5"
423,src/ephemera/prompts/data/synthetic-data-agent-routing-math.txt,2-symbolic,agent router go to math,no CalcIntent operation covers it,Calculate how many tiles I need for a 12 by 15 foot room using 1 foot tiles
424,src/ephemera/prompts/data/synthetic-data-agent-routing-math.txt,2-symbolic,agent router go to math,no CalcIntent operation covers it,Math question: what's 7 factorial
425,src/ephemera/prompts/data/synthetic-data-agent-routing-math.txt,1-bare-arithmetic,agent router go to math,no CalcIntent operation covers it,"Solve this arithmetic: 3,456 times 789"
426,src/ephemera/prompts/data/synthetic-data-agent-routing-math.txt,2-symbolic,agent router go to math,no CalcIntent operation covers it,Can you do the math on splitting a $234 bill four ways with 18% tip
429,src/ephemera/prompts/data/synthetic-data-agent-routing-math.txt,2-symbolic,agent router go to math,no CalcIntent operation covers it,"What is the standard deviation of the data set 4, 8, 15, 16, 23, 42?"
430,src/ephemera/prompts/data/synthetic-data-agent-routing-math.txt,2-symbolic,agent router go to math,no CalcIntent operation covers it,"How do you calculate the mean, median, and mode of a set of numbers?"
431,src/ephemera/prompts/data/synthetic-data-agent-routing-math.txt,0-routing-phrase,agent router go to math,no CalcIntent operation covers it,What is a p-value and how do you interpret it?
432,src/ephemera/prompts/data/synthetic-data-agent-routing-math.txt,2-symbolic,agent router go to math,no CalcIntent operation covers it,How do you perform a linear regression on a data set?
433,src/ephemera/prompts/data/synthetic-data-agent-routing-math.txt,2-symbolic,agent router go to math,no CalcIntent operation covers it,What is the correlation coefficient between two variables?
434,src/ephemera/prompts/data/synthetic-data-agent-routing-math.txt,0-routing-phrase,agent router go to math,no CalcIntent operation covers it,How do you calculate the variance of a sample?
435,src/ephemera/prompts/data/synthetic-data-agent-routing-math.txt,0-routing-phrase,agent router go to math,no CalcIntent operation covers it,What is the difference between a population and a sample in statistics?
436,src/ephemera/prompts/data/synthetic-data-agent-routing-math.txt,0-routing-phrase,agent router go to math,no CalcIntent operation covers it,How do you find the interquartile range of a data set?
437,src/ephemera/prompts/data/synthetic-data-agent-routing-math.txt,2-symbolic,agent router go to math,no CalcIntent operation covers it,What is a confidence interval and how do you calculate one?
438,src/ephemera/prompts/data/synthetic-data-agent-routing-math.txt,0-routing-phrase,agent router go to math,no CalcIntent operation covers it,Explain the difference between Type I and Type II errors in hypothesis testing
439,src/ephemera/prompts/data/synthetic-data-agent-routing-math.txt,0-routing-phrase,agent router go to math,no CalcIntent operation covers it,How do you calculate a z-score for a given data point?
440,src/ephemera/prompts/data/synthetic-data-agent-routing-math.txt,2-symbolic,agent router go to math,no CalcIntent operation covers it,What is the standard error of the mean?
443,src/ephemera/prompts/data/synthetic-data-agent-routing-math.txt,2-symbolic,agent router go to math,no CalcIntent operation covers it,What is the probability of rolling a 7 with two dice?
444,src/ephemera/prompts/data/synthetic-data-agent-routing-math.txt,2-symbolic,agent router go to math,no CalcIntent operation covers it,"If I flip a coin 5 times, what is the probability of getting all heads?"
445,src/ephemera/prompts/data/synthetic-data-agent-routing-math.txt,2-symbolic,agent router go to math,no CalcIntent operation covers it,How many ways can you arrange 6 books on a shelf?
446,src/ephemera/prompts/data/synthetic-data-agent-routing-math.txt,2-symbolic,agent router go to math,no CalcIntent operation covers it,What is the probability of drawing a red card from a standard deck?
447,src/ephemera/prompts/data/synthetic-data-agent-routing-math.txt,2-symbolic,agent router go to math,no CalcIntent operation covers it,How do you calculate combinations of 10 items taken 3 at a time?
448,src/ephemera/prompts/data/synthetic-data-agent-routing-math.txt,2-symbolic,agent router go to math,no CalcIntent operation covers it,What are the odds of winning the lottery if you pick 6 numbers from 49?
449,src/ephemera/prompts/data/synthetic-data-agent-routing-math.txt,2-symbolic,agent router go to math,no CalcIntent operation covers it,"If a bag has 5 red and 3 blue marbles, what is the probability of drawing 2 red in a row?"
450,src/ephemera/prompts/data/synthetic-data-agent-routing-math.txt,2-symbolic,agent router go to math,no CalcIntent operation covers it,How do you calculate permutations of 8 items taken 4 at a time?
451,src/ephemera/prompts/data/synthetic-data-agent-routing-math.txt,2-symbolic,agent router go to math,no CalcIntent operation covers it,What is the expected value if a game pays $10 on heads and loses $6 on tails?
452,src/ephemera/prompts/data/synthetic-data-agent-routing-math.txt,2-symbolic,agent router go to math,no CalcIntent operation covers it,What is Bayes theorem and how do you apply it to a simple example?
453,src/ephemera/prompts/data/synthetic-data-agent-routing-math.txt,2-symbolic,agent router go to math,no CalcIntent operation covers it,How many different 4-digit PINs are possible using digits 0 through 9?
454,src/ephemera/prompts/data/synthetic-data-agent-routing-math.txt,2-symbolic,agent router go to math,no CalcIntent operation covers it,What is the probability of at least one six in four rolls of a die?
457,src/ephemera/prompts/data/synthetic-data-agent-routing-math.txt,2-symbolic,agent router go to math,no CalcIntent operation covers it,Is 97 a prime number and how can you check?
458,src/ephemera/prompts/data/synthetic-data-agent-routing-math.txt,2-symbolic,agent router go to math,no CalcIntent operation covers it,What is the greatest common factor of 84 and 126?
459,src/ephemera/prompts/data/synthetic-data-agent-routing-math.txt,2-symbolic,agent router go to math,no CalcIntent operation covers it,How do you find the least common multiple of 15 and 20?
460,src/ephemera/prompts/data/synthetic-data-agent-routing-math.txt,2-symbolic,agent router go to math,no CalcIntent operation covers it,What is 17 mod 5?
461,src/ephemera/prompts/data/synthetic-data-agent-routing-math.txt,2-symbolic,agent router go to math,no CalcIntent operation covers it,How do you determine if a large number is divisible by 9?
462,src/ephemera/prompts/data/synthetic-data-agent-routing-math.txt,2-symbolic,agent router go to math,no CalcIntent operation covers it,What are the first 20 prime numbers?
463,src/ephemera/prompts/data/synthetic-data-agent-routing-math.txt,2-symbolic,agent router go to math,no CalcIntent operation covers it,How do you use the Euclidean algorithm to find the GCD of 252 and 198?
464,src/ephemera/prompts/data/synthetic-data-agent-routing-math.txt,2-symbolic,agent router go to math,no CalcIntent operation covers it,What is the prime factorization of 360?
465,src/ephemera/prompts/data/synthetic-data-agent-routing-math.txt,2-symbolic,agent router go to math,no CalcIntent operation covers it,How do you solve 3x is congruent to 7 mod 11?
466,src/ephemera/prompts/data/synthetic-data-agent-routing-math.txt,2-symbolic,agent router go to math,no CalcIntent operation covers it,Is 561 a Carmichael number?
467,src/ephemera/prompts/data/synthetic-data-agent-routing-math.txt,2-symbolic,agent router go to math,no CalcIntent operation covers it,What is Euler's totient function of 24?
468,src/ephemera/prompts/data/synthetic-data-agent-routing-math.txt,2-symbolic,agent router go to math,no CalcIntent operation covers it,How many divisors does the number 120 have?
471,src/ephemera/prompts/data/synthetic-data-agent-routing-math.txt,0-routing-phrase,agent router go to math,no CalcIntent operation covers it,"If all cats are animals and some animals are pets, what can you conclude?"
472,src/ephemera/prompts/data/synthetic-data-agent-routing-math.txt,2-symbolic,agent router go to math,no CalcIntent operation covers it,How do you calculate the union and intersection of two sets?
473,src/ephemera/prompts/data/synthetic-data-agent-routing-math.txt,2-symbolic,agent router go to math,no CalcIntent operation covers it,What is the complement of a set in set theory?
474,src/ephemera/prompts/data/synthetic-data-agent-routing-math.txt,2-symbolic,agent router go to math,no CalcIntent operation covers it,"If set A has 10 elements and set B has 8 elements and their intersection has 3, how many are in the union?"
475,src/ephemera/prompts/data/synthetic-data-agent-routing-math.txt,0-routing-phrase,agent router go to math,no CalcIntent operation covers it,"Is the statement ""if it rains then the ground is wet"" logically equivalent to its contrapositive?"
476,src/ephemera/prompts/data/synthetic-data-agent-routing-math.txt,0-routing-phrase,agent router go to math,no CalcIntent operation covers it,How do you construct a truth table for the statement P and not Q?
477,src/ephemera/prompts/data/synthetic-data-agent-routing-math.txt,2-symbolic,agent router go to math,no CalcIntent operation covers it,What is a Venn diagram and how do you use it to solve a problem with three overlapping sets?
478,src/ephemera/prompts/data/synthetic-data-agent-routing-math.txt,2-symbolic,agent router go to math,no CalcIntent operation covers it,"If 40 students study math, 30 study science, and 15 study both, how many study at least one subject?"
479,src/ephemera/prompts/data/synthetic-data-agent-routing-math.txt,0-routing-phrase,agent router go to math,no CalcIntent operation covers it,What is the difference between necessary and sufficient conditions in logic?
480,src/ephemera/prompts/data/synthetic-data-agent-routing-math.txt,2-symbolic,agent router go to math,no CalcIntent operation covers it,How do you prove that the square root of 2 is irrational?
481,src/ephemera/prompts/data/synthetic-data-agent-routing-math.txt,2-symbolic,agent router go to math,no CalcIntent operation covers it,What is proof by contradiction and can you give an example?
482,src/ephemera/prompts/data/synthetic-data-agent-routing-math.txt,0-routing-phrase,agent router go to math,no CalcIntent operation covers it,How do you determine if an argument is valid using modus ponens?
483,src/ephemera/prompts/data/synthetic-data-agent-routing-math.txt,2-symbolic,agent router go to math,no CalcIntent operation covers it,What is a geometric series and how do you find its sum?
484,src/ephemera/prompts/data/synthetic-data-agent-routing-math.txt,0-routing-phrase,agent router go to math,no CalcIntent operation covers it,How do you convert between degrees and radians?
485,src/ephemera/prompts/data/synthetic-data-agent-routing-math.txt,2-symbolic,agent router go to math,no CalcIntent operation covers it,What is the formula for the volume of a cone?
486,src/ephemera/prompts/data/synthetic-data-agent-routing-math.txt,2-symbolic,agent router go to math,no CalcIntent operation covers it,How do you calculate the median of a set of 20 numbers?
487,src/ephemera/prompts/data/synthetic-data-agent-routing-math.txt,2-symbolic,agent router go to math,no CalcIntent operation covers it,What is the probability of getting exactly 3 heads in 5 coin flips?
488,src/ephemera/prompts/data/synthetic-data-agent-routing-math.txt,2-symbolic,agent router go to math,no CalcIntent operation covers it,How many prime numbers are there between 1 and 100?
489,src/ephemera/prompts/data/synthetic-data-agent-routing-math.txt,2-symbolic,agent router go to math,no CalcIntent operation covers it,What is modular arithmetic and how do you use it?
490,src/ephemera/prompts/data/synthetic-data-agent-routing-math.txt,2-symbolic,agent router go to math,no CalcIntent operation covers it,"If you roll three dice, what is the probability the sum is 10?"
491,src/ephemera/prompts/data/synthetic-data-agent-routing-math.txt,2-symbolic,agent router go to math,no CalcIntent operation covers it,How do you find the greatest common divisor of 144 and 60?
492,src/ephemera/prompts/data/synthetic-data-agent-routing-math.txt,2-symbolic,agent router go to math,no CalcIntent operation covers it,"What is the least common multiple of 12, 15, and 20?"
493,src/ephemera/prompts/data/synthetic-data-agent-routing-math.txt,2-symbolic,agent router go to math,no CalcIntent operation covers it,How do you calculate the mean absolute deviation of a data set?
494,src/ephemera/prompts/data/synthetic-data-agent-routing-math.txt,2-symbolic,agent router go to math,no CalcIntent operation covers it,What is a normal distribution and what does the 68-95-99.7 rule mean?
495,src/ephemera/prompts/data/synthetic-data-agent-routing-math.txt,0-routing-phrase,agent router go to math,no CalcIntent operation covers it,How do you calculate the number of permutations of the letters in the word MISSISSIPPI?
